review_id,rating,username,review_date
cf215c57-abee-5e98-ab42-9ab3a6ce2b9e,5,Alan Reet,2025-10-09T02:01:15.000Z
9229c6fc-e107-5c53-b3eb-c31adeb3f9ca,1,calaissix,2025-09-06T00:42:17.000Z
9d289deb-acf2-54af-a4d8-5cf8a5bd7e4a,5,Jason Russell,2025-06-06T04:56:13.000Z
3c6cdef0-f02d-59a0-9551-c475a2779217,5,Donna,2025-06-06T04:03:07.000Z
e1f7725e-5b6e-5bf4-b682-e17ca5722ddc,5,Johnny,2025-05-23T06:43:13.000Z
24ef54bc-d8cb-5d39-ad83-94e42160e6a8,1,Maria7710,2025-07-20T01:51:28.000Z
b2dd0903-722a-5292-8f57-dde256dcfc40,2,auslegal,2025-07-10T01:38:50.000Z
18d39c2a-18ea-5d10-8e97-19ec0e82a378,1,Cue B.,2025-06-19T02:44:11.000Z
28ba8c0e-81c3-57fa-ac8a-fc58ea77b27a,5,Amber,2025-08-31T01:49:50.000Z
5db5d9c9-300c-522a-b27a-37b254eda48d,3,Ves,2025-06-06T08:20:18.000Z
6664db35-2266-5ccb-9c9f-43255a02ec73,5,Shanna,2025-05-15T06:15:59.000Z
5fc3f707-bbcb-50fe-9064-0fa3e3670828,4,Adso,2025-05-10T05:54:10.000Z
1ef9be6a-3dcf-5e83-8eb5-9910f61602c1,2,Casey T.,2025-04-27T02:47:10.000Z
79b3470e-492d-58b2-9db6-254f0b6b0f85,4,Leon56,2025-04-05T03:33:37.000Z
3a0f825b-bf32-5cd8-9b6a-361d5d61787d,2,Cautious Reviewer,2025-03-21T02:39:19.000Z
2f6bf67c-7eb5-5e7c-aa1c-9e01e41abe8b,5,SimSam,2025-03-15T13:24:48.000Z
656d2233-930a-517f-bf99-b4d5a1d4ed52,5,White L.,2025-02-10T12:23:06.000Z
32742dd2-c580-5222-82d4-db405086364d,5,Pat Collins,2025-01-11T01:56:54.000Z
69eb4018-2305-5b1f-8913-a45f606026d2,5,Ch33kyMunkee,2025-01-08T10:12:24.000Z
c0d4cdf6-4ef5-5ea1-bc7e-95fd97af1502,5,Liam B.,2025-01-08T01:39:43.000Z
776fdd78-c006-5d82-873c-d4f1112d6773,1,Sharon M.,2025-01-06T02:36:43.000Z
f92606ef-cfe5-51a3-b34c-94053c3e1573,5,1966-ABC,2024-12-27T23:12:57.000Z
1ab204df-e242-595a-98ed-d09e9ea24026,1,Xxx,2024-12-16T08:08:54.000Z
